name,address,longitude,latitude
"Starbucks - 415 Wanaque Ave, Pompton Lakes","415 Wanaque Ave, Pompton Lakes, NJ 07442",-74.2901,41.0054
"Dunkin' - 1 Willowbrook Blvd, Wayne","1 Willowbrook Blvd, Wayne, NJ 07470",-74.2554,40.8893
"McDonald's - 87 US-46, Wayne","87 US-46, Wayne, NJ 07470",-74.2617,40.8851
"Starbucks - 1400 Willowbrook Mall, Wayne","1400 Willowbrook Mall, Wayne, NJ 07470",-74.2563,40.8901
"Dunkin' - 530 Valley Rd, Wayne","530 Valley Rd, Wayne, NJ 07470",-74.244,40.9308
"Wawa - 200 Hamburg Tpke, Wayne","200 Hamburg Tpke, Wayne, NJ 07470",-74.2782,40.9462
"Burger King - 1301 Hamburg Tpke, Wayne","1301 Hamburg Tpke, Wayne, NJ 07470",-74.2738,40.937
"Panera Bread - 51 US-46, Wayne","51 US-46, Wayne, NJ 07470",-74.2645,40.8846
"Wendy's - 1425 US-23, Wayne","1425 US-23, Wayne, NJ 07470",-74.253,40.8912
"Chick-fil-A - 1700 US-23, Wayne","1700 US-23, Wayne, NJ 07470",-74.249,40.893
"Starbucks - 240 US-17, Paramus","240 US-17, Paramus, NJ 07652",-74.0755,40.9455
"Dunkin' - 355 US-17, Paramus","355 US-17, Paramus, NJ 07652",-74.074,40.951
"McDonald's - 445 US-17, Paramus","445 US-17, Paramus, NJ 07652",-74.0732,40.954
"Starbucks - 700 Plaza Dr, Secaucus","700 Plaza Dr, Secaucus, NJ 07094",-74.06,40.787
"Dunkin' - 125 Harmon Meadow Blvd, Secaucus","125 Harmon Meadow Blvd, Secaucus, NJ 07094",-74.053,40.789
"Taco Bell - 200 NJ-3, Secaucus","200 NJ-3, Secaucus, NJ 07094",-74.057,40.785
"Starbucks - 1 Garden State Plaza, Paramus","1 Garden State Plaza, Paramus, NJ 07652",-74.072,40.9508
"Chipotle - 15 Garden State Plaza, Paramus","15 Garden State Plaza, Paramus, NJ 07652",-74.0718,40.9506
"Five Guys - 25 E Ridgewood Ave, Paramus","25 E Ridgewood Ave, Paramus, NJ 07652",-74.07,40.9488
"Starbucks - 160 NJ-4, Paramus","160 NJ-4, Paramus, NJ 07652",-74.068,40.914
"Dunkin' - 525 NJ-17, Paramus","525 NJ-17, Paramus, NJ 07652",-74.0763,40.956
"McDonald's - 250 NJ-4, Paramus","250 NJ-4, Paramus, NJ 07652",-74.065,40.9138
"Starbucks - 65 E Ridgewood Ave, Ridgewood","65 E Ridgewood Ave, Ridgewood, NJ 07450",-74.1112,40.9796
"Dunkin' - 225 Franklin Ave, Ridgewood","225 Franklin Ave, Ridgewood, NJ 07450",-74.1165,40.979
"Starbucks - 50 Main St, Hackensack","50 Main St, Hackensack, NJ 07601",-74.0436,40.8857
"Dunkin' - 210 Main St, Hackensack","210 Main St, Hackensack, NJ 07601",-74.0448,40.887
"McDonald's - 350 Essex St, Hackensack","350 Essex St, Hackensack, NJ 07601",-74.0395,40.882
"Burger King - 100 S River St, Hackensack","100 S River St, Hackensack, NJ 07601",-74.0455,40.884
"Starbucks - 2401 US-1, North Brunswick","2401 US-1, North Brunswick, NJ 08902",-74.4595,40.458
"Dunkin' - 981 US-1, North Brunswick","981 US-1, North Brunswick, NJ 08902",-74.462,40.456
"Starbucks - 3710 US-9, Freehold","3710 US-9, Freehold, NJ 07728",-74.2615,40.254
"Dunkin' - 100 W Main St, Freehold","100 W Main St, Freehold, NJ 07728",-74.278,40.2594
"McDonald's - 3540 US-9, Freehold","3540 US-9, Freehold, NJ 07728",-74.262,40.253
"Wawa - 70 E Main St, Freehold","70 E Main St, Freehold, NJ 07728",-74.272,40.26
"Chick-fil-A - 3651 US-9, Freehold","3651 US-9, Freehold, NJ 07728",-74.2618,40.2535
"Starbucks - 511 NJ-18, East Brunswick","511 NJ-18, East Brunswick, NJ 08816",-74.417,40.427
"Dunkin' - 290 NJ-18, East Brunswick","290 NJ-18, East Brunswick, NJ 08816",-74.419,40.431
"McDonald's - 600 NJ-18, East Brunswick","600 NJ-18, East Brunswick, NJ 08816",-74.4155,40.425
"Panera Bread - 755 NJ-18, East Brunswick","755 NJ-18, East Brunswick, NJ 08816",-74.4145,40.4235
"Wendy's - 319 NJ-18, East Brunswick","319 NJ-18, East Brunswick, NJ 08816",-74.4185,40.43
"Starbucks - 1 Woodbridge Center Dr, Woodbridge","1 Woodbridge Center Dr, Woodbridge, NJ 07095",-74.2885,40.572
"Dunkin' - 625 US-1, Woodbridge","625 US-1, Woodbridge, NJ 07095",-74.284,40.568
"McDonald's - 800 St Georges Ave, Woodbridge","800 St Georges Ave, Woodbridge, NJ 07095",-74.281,40.555
"Subway - 100 Main St, Woodbridge","100 Main St, Woodbridge, NJ 07095",-74.287,40.557
"Starbucks - 4 S Park St, Montclair","4 S Park St, Montclair, NJ 07042",-74.2097,40.8128
"Dunkin' - 510 Bloomfield Ave, Montclair","510 Bloomfield Ave, Montclair, NJ 07042",-74.21,40.814
"Panera Bread - 200 Bloomfield Ave, Montclair","200 Bloomfield Ave, Montclair, NJ 07042",-74.2085,40.8133
"Starbucks - 187 Maplewood Ave, Maplewood","187 Maplewood Ave, Maplewood, NJ 07040",-74.273,40.7313
"Dunkin' - 1894 Springfield Ave, Maplewood","1894 Springfield Ave, Maplewood, NJ 07040",-74.265,40.728
"Starbucks - 300 Springfield Ave, Summit","300 Springfield Ave, Summit, NJ 07901",-74.3647,40.7153
"Dunkin' - 1 Union Pl, Summit","1 Union Pl, Summit, NJ 07901",-74.365,40.716
"Starbucks - 530 Broad St, Newark","530 Broad St, Newark, NJ 07102",-74.1724,40.7351
"Dunkin' - 1030 Broad St, Newark","1030 Broad St, Newark, NJ 07102",-74.1729,40.73
"McDonald's - 99 Washington St, Newark","99 Washington St, Newark, NJ 07102",-74.17,40.7365
"Subway - 50 Park Pl, Newark","50 Park Pl, Newark, NJ 07102",-74.171,40.738
"Starbucks - 2 Exchange Pl, Jersey City","2 Exchange Pl, Jersey City, NJ 07302",-74.0331,40.7163
"Dunkin' - 75 Montgomery St, Jersey City","75 Montgomery St, Jersey City, NJ 07302",-74.038,40.7195
"Starbucks - 100 Hudson St, Jersey City","100 Hudson St, Jersey City, NJ 07302",-74.0335,40.717
"McDonald's - 500 Washington Blvd, Jersey City","500 Washington Blvd, Jersey City, NJ 07310",-74.0378,40.728
"Dunkin' - 291 Central Ave, Jersey City","291 Central Ave, Jersey City, NJ 07307",-74.065,40.738
"Starbucks - 130 Newark Ave, Jersey City","130 Newark Ave, Jersey City, NJ 07302",-74.0425,40.722
"Panera Bread - 200 Hudson St, Jersey City","200 Hudson St, Jersey City, NJ 07302",-74.033,40.7175
"Chipotle - 1 Path Plaza, Jersey City","1 Path Plaza, Jersey City, NJ 07306",-74.064,40.734
"Taco Bell - 395 Marin Blvd, Jersey City","395 Marin Blvd, Jersey City, NJ 07302",-74.04,40.725
"Starbucks - 50 NJ-17, Ramsey","50 NJ-17, Ramsey, NJ 07446",-74.1372,41.0583
"Dunkin' - 210 NJ-17, Ramsey","210 NJ-17, Ramsey, NJ 07446",-74.1365,41.057
"Starbucks - 100 NJ-17, Mahwah","100 NJ-17, Mahwah, NJ 07430",-74.1622,41.0854
"Dunkin' - 325 NJ-17, Mahwah","325 NJ-17, Mahwah, NJ 07430",-74.158,41.0785
"McDonald's - 101 Franklin Tpke, Mahwah","101 Franklin Tpke, Mahwah, NJ 07430",-74.151,41.079
"Starbucks - 630 NJ-10, Livingston","630 NJ-10, Livingston, NJ 07039",-74.3295,40.783
"Dunkin' - 274 Eisenhower Pkwy, Livingston","274 Eisenhower Pkwy, Livingston, NJ 07039",-74.338,40.782
"McDonald's - 510 NJ-10, Livingston","510 NJ-10, Livingston, NJ 07039",-74.33,40.7825
"Starbucks - 240 Main St, Chatham","240 Main St, Chatham, NJ 07928",-74.383,40.741
"Dunkin' - 320 Main St, Chatham","320 Main St, Chatham, NJ 07928",-74.384,40.7408
"Starbucks - 65 Church St, Morristown","65 Church St, Morristown, NJ 07960",-74.4773,40.7973
"Dunkin' - 29 South St, Morristown","29 South St, Morristown, NJ 07960",-74.4765,40.7955
"Panera Bread - 66 Morris St, Morristown","66 Morris St, Morristown, NJ 07960",-74.477,40.7965
"McDonald's - 174 Ridgedale Ave, Morristown","174 Ridgedale Ave, Morristown, NJ 07960",-74.481,40.794
"Chipotle - 40 Park Pl, Morristown","40 Park Pl, Morristown, NJ 07960",-74.478,40.797
"Starbucks - 200 S Broad St, Trenton","200 S Broad St, Trenton, NJ 08608",-74.763,40.2185
"Dunkin' - 551 Perry St, Trenton","551 Perry St, Trenton, NJ 08618",-74.772,40.225
"McDonald's - 825 NJ-33, Trenton","825 NJ-33, Trenton, NJ 08619",-74.7285,40.224
"Wawa - 1720 N Olden Ave, Trenton","1720 N Olden Ave, Trenton, NJ 08638",-74.7455,40.243
"Dunkin' - 99 S Warren St, Trenton","99 S Warren St, Trenton, NJ 08608",-74.7645,40.2178
"Starbucks - 3535 US-1, Princeton","3535 US-1, Princeton, NJ 08540",-74.6515,40.329
"Dunkin' - 21 Nassau St, Princeton","21 Nassau St, Princeton, NJ 08542",-74.66,40.3504
"Small World Coffee - 14 Witherspoon St, Princeton","14 Witherspoon St, Princeton, NJ 08542",-74.661,40.35
"Panera Bread - 3545 US-1, Princeton","3545 US-1, Princeton, NJ 08540",-74.652,40.3295
"Starbucks - 136 Nassau St, Princeton","136 Nassau St, Princeton, NJ 08542",-74.6585,40.349
"Starbucks - 1701 NJ-38, Cherry Hill","1701 NJ-38, Cherry Hill, NJ 08003",-74.981,39.938
"Dunkin' - 2200 NJ-38, Cherry Hill","2200 NJ-38, Cherry Hill, NJ 08002",-74.96,39.937
"McDonald's - 1601 Kings Hwy N, Cherry Hill","1601 Kings Hwy N, Cherry Hill, NJ 08034",-75.01,39.931
"Wawa - 500 NJ-70, Cherry Hill","500 NJ-70, Cherry Hill, NJ 08034",-74.992,39.926
"Starbucks - 500 NJ-73, Marlton","500 NJ-73, Marlton, NJ 08053",-74.9213,39.891
"Dunkin' - 745 NJ-73, Marlton","745 NJ-73, Marlton, NJ 08053",-74.918,39.888
"McDonald's - 600 NJ-73, Marlton","600 NJ-73, Marlton, NJ 08053",-74.92,39.8895
"Starbucks - 2100 NJ-35, Holmdel","2100 NJ-35, Holmdel, NJ 07733",-74.1815,40.381
"Dunkin' - 2091 NJ-35, Holmdel","2091 NJ-35, Holmdel, NJ 07733",-74.182,40.38
"Starbucks - 3100 NJ-35, Hazlet","3100 NJ-35, Hazlet, NJ 07730",-74.175,40.416
"Dunkin' - 3085 NJ-35, Hazlet","3085 NJ-35, Hazlet, NJ 07730",-74.1755,40.4155
"McDonald's - 3044 NJ-35, Hazlet","3044 NJ-35, Hazlet, NJ 07730",-74.176,40.415
"Starbucks - 70 Broad St, Red Bank","70 Broad St, Red Bank, NJ 07701",-74.0768,40.3485
"Dunkin' - 130 Broad St, Red Bank","130 Broad St, Red Bank, NJ 07701",-74.0772,40.3478
"Starbucks - 3000 Hadley Rd, South Plainfield","3000 Hadley Rd, South Plainfield, NJ 07080",-74.41,40.5665
"Dunkin' - 4900 Stelton Rd, South Plainfield","4900 Stelton Rd, South Plainfield, NJ 07080",-74.404,40.56
"Starbucks - 100 Bridge St, Metuchen","100 Bridge St, Metuchen, NJ 08840",-74.363,40.542
"Dunkin' - 400 Main St, Metuchen","400 Main St, Metuchen, NJ 08840",-74.364,40.5415
"Starbucks - 2070 NJ-27, Edison","2070 NJ-27, Edison, NJ 08817",-74.3775,40.515
"Dunkin' - 1530 NJ-27, Edison","1530 NJ-27, Edison, NJ 08817",-74.38,40.52
"McDonald's - 501 US-1, Edison","501 US-1, Edison, NJ 08817",-74.355,40.524
"Subway - 1002 Amboy Ave, Edison","1002 Amboy Ave, Edison, NJ 08837",-74.344,40.52
"Starbucks - 819 NJ-34, Matawan","819 NJ-34, Matawan, NJ 07747",-74.229,40.41
"Dunkin' - 200 NJ-34, Matawan","200 NJ-34, Matawan, NJ 07747",-74.235,40.4135
"Starbucks - 57 N Main St, Cranbury","57 N Main St, Cranbury, NJ 08512",-74.5136,40.3147
"Dunkin' - 2535 US-130, Cranbury","2535 US-130, Cranbury, NJ 08512",-74.5105,40.312
"Starbucks - 1600 Perrineville Rd, Monroe Township","1600 Perrineville Rd, Monroe Township, NJ 08831",-74.423,40.334
"Dunkin' - 459 Applegarth Rd, Monroe Township","459 Applegarth Rd, Monroe Township, NJ 08831",-74.426,40.331
"Starbucks - 360 George St, New Brunswick","360 George St, New Brunswick, NJ 08901",-74.4435,40.4935
"Dunkin' - 100 Albany St, New Brunswick","100 Albany St, New Brunswick, NJ 08901",-74.4465,40.488
"McDonald's - 625 Livingston Ave, New Brunswick","625 Livingston Ave, New Brunswick, NJ 08901",-74.433,40.491
"Starbucks - 2399 US-22, Union","2399 US-22, Union, NJ 07083",-74.276,40.683
"Dunkin' - 1350 Galloping Hill Rd, Union","1350 Galloping Hill Rd, Union, NJ 07083",-74.285,40.689
"Starbucks - 1300 Raritan Rd, Clark","1300 Raritan Rd, Clark, NJ 07066",-74.3125,40.621
"Dunkin' - 72 Central Ave, Clark","72 Central Ave, Clark, NJ 07066",-74.309,40.625
"Starbucks - 150 E Broad St, Westfield","150 E Broad St, Westfield, NJ 07090",-74.3415,40.6574
"Dunkin' - 200 South Ave, Westfield","200 South Ave, Westfield, NJ 07090",-74.344,40.653
"Starbucks - 510 Park Ave, Scotch Plains","510 Park Ave, Scotch Plains, NJ 07076",-74.385,40.656
"Dunkin' - 1818 E 2nd St, Scotch Plains","1818 E 2nd St, Scotch Plains, NJ 07076",-74.372,40.648
"Starbucks - 1350 US-22, Bridgewater","1350 US-22, Bridgewater, NJ 08807",-74.625,40.571
"Dunkin' - 685 US-202, Bridgewater","685 US-202, Bridgewater, NJ 08807",-74.631,40.5885
"McDonald's - 780 US-22, Bridgewater","780 US-22, Bridgewater, NJ 08807",-74.613,40.572
"Panera Bread - 400 Commons Way, Bridgewater","400 Commons Way, Bridgewater, NJ 08807",-74.627,40.573
"Starbucks - 80 Main St, Madison","80 Main St, Madison, NJ 07940",-74.417,40.7598
"Dunkin' - 50 Main St, Madison","50 Main St, Madison, NJ 07940",-74.4165,40.7595
"Starbucks - 265 NJ-10, Parsippany","265 NJ-10, Parsippany, NJ 07054",-74.41,40.861
"Dunkin' - 785 US-46, Parsippany","785 US-46, Parsippany, NJ 07054",-74.423,40.859
"McDonald's - 350 NJ-10, Parsippany","350 NJ-10, Parsippany, NJ 07054",-74.408,40.8605
"Starbucks - 55 NJ-23, Riverdale","55 NJ-23, Riverdale, NJ 07457",-74.314,40.994
"Dunkin' - 87 NJ-23, Riverdale","87 NJ-23, Riverdale, NJ 07457",-74.3135,40.993
"Starbucks - 320 NJ-23, Pompton Plains","320 NJ-23, Pompton Plains, NJ 07444",-74.3012,40.964
"Dunkin' - 560 NJ-23, Pompton Plains","560 NJ-23, Pompton Plains, NJ 07444",-74.3,40.961
"Starbucks - 50 International Dr, Budd Lake","50 International Dr, Budd Lake, NJ 07828",-74.7475,40.8705
"Dunkin' - 97 US-46, Budd Lake","97 US-46, Budd Lake, NJ 07828",-74.749,40.87
"Starbucks - 905 US-202, Branchburg","905 US-202, Branchburg, NJ 08876",-74.689,40.579
"Dunkin' - 3380 US-22, Branchburg","3380 US-22, Branchburg, NJ 08876",-74.69,40.573
"Starbucks - 315 Mt Hope Ave, Rockaway","315 Mt Hope Ave, Rockaway, NJ 07866",-74.5252,40.9068
"Dunkin' - 400 Mt Hope Ave, Rockaway","400 Mt Hope Ave, Rockaway, NJ 07866",-74.526,40.9065
"McDonald's - 220 NJ-10, Rockaway","220 NJ-10, Rockaway, NJ 07866",-74.53,40.892
"Starbucks - 1200 NJ-23, Butler","1200 NJ-23, Butler, NJ 07405",-74.3442,41.0035
"Dunkin' - 1405 NJ-23, Butler","1405 NJ-23, Butler, NJ 07405",-74.345,41.004
"Dunkin' - 790 Bloomfield Ave, West Caldwell","790 Bloomfield Ave, West Caldwell, NJ 07006",-74.2891,40.8443
"Chick-fil-A - 390 Rt 3 W, Clifton","390 Rt 3 W, Clifton, NJ 07014",-74.1629,40.8582
"Starbucks - 4 Speedwell Ave, Morristown","4 Speedwell Ave, Morristown, NJ 07960",-74.4778,40.7975
"Dunkin' - 1820 Hooper Ave, Toms River","1820 Hooper Ave, Toms River, NJ 08753",-74.1548,39.9617
"McDonald's - 350 Rt 46 W, Totowa","350 Rt 46 W, Totowa, NJ 07512",-74.2301,40.9023
"Panera Bread - 700 Haddonfield Rd, Cherry Hill","700 Haddonfield Rd, Cherry Hill, NJ 08002",-75.0065,39.94
"Starbucks - 120 Washington St, Hoboken","120 Washington St, Hoboken, NJ 07030",-74.0289,40.7374
"Dunkin' - 335 Palisade Ave, Cliffside Park","335 Palisade Ave, Cliffside Park, NJ 07010",-73.9867,40.8265
"Wawa - 2200 Rt 1 N, North Brunswick","2200 Rt 1 N, North Brunswick, NJ 08902",-74.4438,40.465
"Starbucks - 610 Rt 206 S, Hillsborough","610 Rt 206 S, Hillsborough, NJ 08844",-74.639,40.4785
"Dunkin' - 50 Essex St, Hackensack","50 Essex St, Hackensack, NJ 07601",-74.0464,40.8826
"Burger King - 1130 Rt 9 S, Old Bridge","1130 Rt 9 S, Old Bridge, NJ 08857",-74.308,40.4002
"Starbucks - 90 Maplewood Ave, Maplewood","90 Maplewood Ave, Maplewood, NJ 07040",-74.2715,40.7312
"Dunkin' - 715 Rt 17 S, Paramus","715 Rt 17 S, Paramus, NJ 07652",-74.0694,40.9484
"McDonald's - 2300 Rt 66, Neptune","2300 Rt 66, Neptune, NJ 07753",-74.067,40.2191
"Starbucks - 44 Elm St, Morristown","44 Elm St, Morristown, NJ 07960",-74.479,40.7948
"Taco Bell - 600 Rt 46 E, Fairfield","600 Rt 46 E, Fairfield, NJ 07004",-74.272,40.8803
"Dunkin' - 380 Rt 206 N, Bedminster","380 Rt 206 N, Bedminster, NJ 07921",-74.649,40.6562
"Starbucks - 1100 Rt 22 E, North Plainfield","1100 Rt 22 E, North Plainfield, NJ 07060",-74.42,40.6276
"Panera Bread - 225 Rt 18 S, East Brunswick","225 Rt 18 S, East Brunswick, NJ 08816",-74.385,40.4258
"Dunkin' - 180 Main St, Ridgefield Park","180 Main St, Ridgefield Park, NJ 07660",-74.0218,40.8555
"Wawa - 1800 Rt 70 E, Cherry Hill","1800 Rt 70 E, Cherry Hill, NJ 08003",-74.9598,39.923
"Starbucks - 350 Warren St, Jersey City","350 Warren St, Jersey City, NJ 07302",-74.0371,40.7215
"Dunkin' - 440 Rt 10 W, Randolph","440 Rt 10 W, Randolph, NJ 07869",-74.5622,40.8468
"McDonald's - 905 Rt 9 N, Woodbridge","905 Rt 9 N, Woodbridge, NJ 07095",-74.282,40.5675
"Chick-fil-A - 290 Rt 3 E, Secaucus","290 Rt 3 E, Secaucus, NJ 07094",-74.061,40.7882
"Starbucks - 155 Rt 46 W, Wayne","155 Rt 46 W, Wayne, NJ 07470",-74.247,40.887
"Dunkin' - 80 Rt 4 W, River Edge","80 Rt 4 W, River Edge, NJ 07661",-74.044,40.929
"Starbucks - 1 Washington St, Tenafly","1 Washington St, Tenafly, NJ 07670",-73.9574,40.9233
"Wendy's - 1420 Parkway Ave, Ewing","1420 Parkway Ave, Ewing, NJ 08628",-74.78,40.2583
"Dunkin' - 925 Broad St, Newark","925 Broad St, Newark, NJ 07102",-74.1705,40.7302
"Starbucks - 400 Commons Way, Bridgewater","400 Commons Way, Bridgewater, NJ 08807",-74.5948,40.587
"McDonald's - 2800 Tilton Rd, Egg Harbor Township","2800 Tilton Rd, Egg Harbor Township, NJ 08234",-74.5932,39.393
"Dunkin' - 120 E Palisade Ave, Englewood","120 E Palisade Ave, Englewood, NJ 07631",-73.9705,40.8908
"Starbucks - 55 Broad St, Bloomfield","55 Broad St, Bloomfield, NJ 07003",-74.1853,40.8082
"Panera Bread - 1013 Rt 22 E, North Plainfield","1013 Rt 22 E, North Plainfield, NJ 07060",-74.431,40.6304
"Dunkin' - 480 Haledon Ave, Haledon","480 Haledon Ave, Haledon, NJ 07508",-74.187,40.9356
"Starbucks - 225 Littleton Rd, Parsippany","225 Littleton Rd, Parsippany, NJ 07054",-74.3988,40.8635
"Popeyes - 90 Rt 35 S, Eatontown","90 Rt 35 S, Eatontown, NJ 07724",-74.0638,40.296
"Dunkin' - 60 Moonachie Ave, Moonachie","60 Moonachie Ave, Moonachie, NJ 07074",-74.0497,40.8399
"Starbucks - 700 Plaza Dr, Secaucus","700 Plaza Dr, Secaucus, NJ 07094",-74.059,40.7827
"Wawa - 400 Rt 9 N, Manalapan","400 Rt 9 N, Manalapan, NJ 07726",-74.353,40.2933
"Dunkin' - 740 Haddon Ave, Collingswood","740 Haddon Ave, Collingswood, NJ 08108",-75.072,39.9152
"Starbucks - 1000 Morris Ave, Union","1000 Morris Ave, Union, NJ 07083",-74.2698,40.695
"McDonald's - 405 Rt 541, Burlington","405 Rt 541, Burlington, NJ 08016",-74.843,40.0638
"Dunkin' - 830 Kearny Ave, Kearny","830 Kearny Ave, Kearny, NJ 07032",-74.122,40.7558
"Starbucks - 2 Bridge Ave, Red Bank","2 Bridge Ave, Red Bank, NJ 07701",-74.0685,40.3502
"Taco Bell - 315 Rt 46 E, Parsippany","315 Rt 46 E, Parsippany, NJ 07054",-74.401,40.8618
"Dunkin' - 160 Valley Rd, Montclair","160 Valley Rd, Montclair, NJ 07042",-74.2165,40.8298
"Starbucks - 120 Broad Ave, Palisades Park","120 Broad Ave, Palisades Park, NJ 07650",-73.997,40.848
"Dunkin' - 250 Broad Ave, Palisades Park","250 Broad Ave, Palisades Park, NJ 07650",-73.9968,40.8485
"Starbucks - 400 Cedar Ln, Teaneck","400 Cedar Ln, Teaneck, NJ 07666",-74.006,40.892
"Dunkin' - 450 Cedar Ln, Teaneck","450 Cedar Ln, Teaneck, NJ 07666",-74.0055,40.8918
"Starbucks - 25 Prospect St, Ridgewood","25 Prospect St, Ridgewood, NJ 07450",-74.1105,40.979
"Starbucks - 100 Towne Center Dr, North Brunswick","100 Towne Center Dr, North Brunswick, NJ 08902",-74.4635,40.453
"Dunkin' - 706 Livingston Ave, North Brunswick","706 Livingston Ave, North Brunswick, NJ 08902",-74.461,40.457
"Starbucks - 53 US-1, New Brunswick","53 US-1, New Brunswick, NJ 08901",-74.449,40.483
"Chipotle - 80 Albany St, New Brunswick","80 Albany St, New Brunswick, NJ 08901",-74.446,40.4885
"Starbucks - 2000 Park Ave, South Plainfield","2000 Park Ave, South Plainfield, NJ 07080",-74.411,40.568
"Dunkin' - 4200 New Brunswick Ave, Piscataway","4200 New Brunswick Ave, Piscataway, NJ 08854",-74.43,40.553
"Starbucks - 1250 Centennial Ave, Piscataway","1250 Centennial Ave, Piscataway, NJ 08854",-74.429,40.554
"McDonald's - 570 Stelton Rd, Piscataway","570 Stelton Rd, Piscataway, NJ 08854",-74.425,40.545
"Starbucks - 230 Woodbridge Center Dr, Woodbridge","230 Woodbridge Center Dr, Woodbridge, NJ 07095",-74.287,40.573
"Dunkin' - 390 Amboy Ave, Woodbridge","390 Amboy Ave, Woodbridge, NJ 07095",-74.285,40.557
"Starbucks - 1600 St Georges Ave, Rahway","1600 St Georges Ave, Rahway, NJ 07065",-74.2835,40.61
"Dunkin' - 325 W Scott Ave, Rahway","325 W Scott Ave, Rahway, NJ 07065",-74.281,40.606
"Starbucks - 400 N Wood Ave, Linden","400 N Wood Ave, Linden, NJ 07036",-74.249,40.628
"Dunkin' - 500 W Edgar Rd, Linden","500 W Edgar Rd, Linden, NJ 07036",-74.257,40.636
"McDonald's - 900 St Georges Ave, Linden","900 St Georges Ave, Linden, NJ 07036",-74.26,40.631
"Starbucks - 1200 Broad St, Bloomfield","1200 Broad St, Bloomfield, NJ 07003",-74.186,40.808
"Dunkin' - 456 Broad St, Bloomfield","456 Broad St, Bloomfield, NJ 07003",-74.187,40.806
"Starbucks - 700 Bloomfield Ave, West Caldwell","700 Bloomfield Ave, West Caldwell, NJ 07006",-74.288,40.844
"Dunkin' - 900 Bloomfield Ave, West Caldwell","900 Bloomfield Ave, West Caldwell, NJ 07006",-74.291,40.843
"Starbucks - 100 Valley Rd, Montclair","100 Valley Rd, Montclair, NJ 07042",-74.215,40.82
"Panera Bread - 360 Bloomfield Ave, Caldwell","360 Bloomfield Ave, Caldwell, NJ 07006",-74.2735,40.8395
"Starbucks - 300 Bloomfield Ave, Caldwell","300 Bloomfield Ave, Caldwell, NJ 07006",-74.272,40.8398
"Dunkin' - 595 Bloomfield Ave, Caldwell","595 Bloomfield Ave, Caldwell, NJ 07006",-74.276,40.838
"Starbucks - 500 Kinderkamack Rd, Oradell","500 Kinderkamack Rd, Oradell, NJ 07649",-74.037,40.953
"Dunkin' - 650 Kinderkamack Rd, Oradell","650 Kinderkamack Rd, Oradell, NJ 07649",-74.0365,40.954
"Starbucks - 160 E Main St, Somerville","160 E Main St, Somerville, NJ 08876",-74.605,40.574
"Dunkin' - 75 W Main St, Somerville","75 W Main St, Somerville, NJ 08876",-74.61,40.5742
"Starbucks - 2900 Hamilton Blvd, South Plainfield","2900 Hamilton Blvd, South Plainfield, NJ 07080",-74.417,40.578
"Wendy's - 1540 US-22, Watchung","1540 US-22, Watchung, NJ 07069",-74.371,40.638
"Starbucks - 1515 US-22, Watchung","1515 US-22, Watchung, NJ 07069",-74.37,40.6375
"Dunkin' - 170 US-22, Green Brook","170 US-22, Green Brook, NJ 08812",-74.484,40.596
"McDonald's - 250 US-22, Green Brook","250 US-22, Green Brook, NJ 08812",-74.482,40.5955
"Starbucks - 630 US-1, Iselin","630 US-1, Iselin, NJ 08830",-74.319,40.57
"Dunkin' - 1060 Green St, Iselin","1060 Green St, Iselin, NJ 08830",-74.322,40.568
"Starbucks - 120 Town Center Dr, Warren","120 Town Center Dr, Warren, NJ 07059",-74.516,40.623
"Dunkin' - 50 Mountain Blvd, Warren","50 Mountain Blvd, Warren, NJ 07059",-74.517,40.625
"Starbucks - 261 NJ-202, Flemington","261 NJ-202, Flemington, NJ 08822",-74.8555,40.5125
"Dunkin' - 290 US-202, Flemington","290 US-202, Flemington, NJ 08822",-74.854,40.513
"McDonald's - 174 US-31, Flemington","174 US-31, Flemington, NJ 08822",-74.857,40.5135
"Starbucks - 85 NJ-36, Keyport","85 NJ-36, Keyport, NJ 07735",-74.201,40.434
"Dunkin' - 390 NJ-36, Keyport","390 NJ-36, Keyport, NJ 07735",-74.202,40.4335
"Starbucks - 2300 NJ-66, Neptune","2300 NJ-66, Neptune, NJ 07753",-74.067,40.212
"Dunkin' - 1900 NJ-66, Neptune","1900 NJ-66, Neptune, NJ 07753",-74.069,40.214
"Starbucks - 1815 NJ-35, Wall Township","1815 NJ-35, Wall Township, NJ 07719",-74.068,40.175
"Dunkin' - 2004 NJ-35, Wall Township","2004 NJ-35, Wall Township, NJ 07719",-74.067,40.173
"McDonald's - 1885 NJ-35, Wall Township","1885 NJ-35, Wall Township, NJ 07719",-74.0675,40.174
"Dunkin' - 140 Rt 10 W, Whippany","140 Rt 10 W, Whippany, NJ 07981",-74.4085,40.8198
"McDonald's - 775 Bloomfield Ave, Verona","775 Bloomfield Ave, Verona, NJ 07044",-74.244,40.8278
"Starbucks - 870 Rt 17 S, Ramsey","870 Rt 17 S, Ramsey, NJ 07446",-74.1352,41.0485
"Panera Bread - 2310 Rt 66, Neptune","2310 Rt 66, Neptune, NJ 07753",-74.0685,40.2188
"Dunkin' - 55 Broadway, Hillsdale","55 Broadway, Hillsdale, NJ 07642",-74.0402,41.006
"Starbucks - 400 Wanaque Ave, Pompton Lakes","400 Wanaque Ave, Pompton Lakes, NJ 07442",-74.2892,41.0045
"Wawa - 750 Rt 70 W, Lakewood","750 Rt 70 W, Lakewood, NJ 08701",-74.2448,40.0672
"Dunkin' - 240 Boulevard, Hasbrouck Heights","240 Boulevard, Hasbrouck Heights, NJ 07604",-74.071,40.8622
"Starbucks - 215 Kinderkamack Rd, Oradell","215 Kinderkamack Rd, Oradell, NJ 07649",-74.0345,40.9525
"Chick-fil-A - 900 Rt 3 E, Clifton","900 Rt 3 E, Clifton, NJ 07014",-74.1305,40.853
"Dunkin' - 450 Main St, Metuchen","450 Main St, Metuchen, NJ 08840",-74.3638,40.5408
"Starbucks - 32 Main St, Chatham","32 Main St, Chatham, NJ 07928",-74.3812,40.7398
"McDonald's - 600 Rt 130 S, Robbinsville","600 Rt 130 S, Robbinsville, NJ 08691",-74.6155,40.2148
"Dunkin' - 170 River Rd, North Arlington","170 River Rd, North Arlington, NJ 07031",-74.1378,40.7855
"Taco Bell - 2100 Rt 38 E, Cherry Hill","2100 Rt 38 E, Cherry Hill, NJ 08002",-74.9485,39.9395
"Starbucks - 101 Broad St, Bloomfield","101 Broad St, Bloomfield, NJ 07003",-74.1862,40.806
"Dunkin' - 310 Bloomfield Ave, Caldwell","310 Bloomfield Ave, Caldwell, NJ 07006",-74.2738,40.8388
"Wendy's - 415 Rt 17 N, Hasbrouck Heights","415 Rt 17 N, Hasbrouck Heights, NJ 07604",-74.065,40.865
"Starbucks - 50 Kinderkamack Rd, Westwood","50 Kinderkamack Rd, Westwood, NJ 07675",-74.0302,40.9906
"Dunkin' - 830 Rt 1 S, Edison","830 Rt 1 S, Edison, NJ 08817",-74.315,40.5308
"Panera Bread - 520 Rt 10 E, Randolph","520 Rt 10 E, Randolph, NJ 07869",-74.5612,40.8458
"Starbucks - 420 Rt 202 S, Flemington","420 Rt 202 S, Flemington, NJ 08822",-74.8475,40.5058
"Dunkin' - 75 Rt 46 W, Mountain Lakes","75 Rt 46 W, Mountain Lakes, NJ 07046",-74.4248,40.8862
"Burger King - 305 Rt 3 E, Secaucus","305 Rt 3 E, Secaucus, NJ 07094",-74.0585,40.789
"Starbucks - 120 E Main St, Somerville","120 E Main St, Somerville, NJ 08876",-74.6052,40.5738
"Dunkin' - 400 Piaget Ave, Clifton","400 Piaget Ave, Clifton, NJ 07011",-74.162,40.87
"Wawa - 1900 Rt 130 N, Burlington","1900 Rt 130 N, Burlington, NJ 08016",-74.828,40.071
"McDonald's - 250 Rt 35 N, Neptune","250 Rt 35 N, Neptune, NJ 07753",-74.0428,40.213
"Starbucks - 50 S Park St, Montclair","50 S Park St, Montclair, NJ 07042",-74.2088,40.8098
"Dunkin' - 1010 Rt 18 N, East Brunswick","1010 Rt 18 N, East Brunswick, NJ 08816",-74.388,40.448
"Chick-fil-A - 670 Rt 1 N, Woodbridge","670 Rt 1 N, Woodbridge, NJ 07095",-74.27,40.5505
"Starbucks - 185 Columbia Tpke, Florham Park","185 Columbia Tpke, Florham Park, NJ 07932",-74.3748,40.7838
"Dunkin' - 640 Rt 35 N, Middletown","640 Rt 35 N, Middletown, NJ 07748",-74.1005,40.391
"Taco Bell - 1750 Rt 88, Brick","1750 Rt 88, Brick, NJ 08724",-74.082,40.0535
"Starbucks - 95 Main St, Woodbridge","95 Main St, Woodbridge, NJ 07095",-74.2845,40.5568
"Panera Bread - 1650 Rt 22 W, Watchung","1650 Rt 22 W, Watchung, NJ 07069",-74.448,40.6345
"Dunkin' - 430 Market St, Elmwood Park","430 Market St, Elmwood Park, NJ 07407",-74.12,40.9038
"Starbucks - 777 Rt 1 S, Woodbridge","777 Rt 1 S, Woodbridge, NJ 07095",-74.2908,40.5585
"McDonald's - 85 Rt 206 S, Stanhope","85 Rt 206 S, Stanhope, NJ 07874",-74.718,40.9038
"Dunkin' - 295 Rt 22 E, Springfield","295 Rt 22 E, Springfield, NJ 07081",-74.3005,40.684
"Wendy's - 800 Rt 46 W, Parsippany","800 Rt 46 W, Parsippany, NJ 07054",-74.4262,40.8602
"Starbucks - 100 Centennial Ave, Cranford","100 Centennial Ave, Cranford, NJ 07016",-74.2982,40.6548
"Dunkin' - 210 Rt 4 E, Englewood","210 Rt 4 E, Englewood, NJ 07631",-73.9755,40.8845
"Wawa - 3200 Rt 38, Mount Laurel","3200 Rt 38, Mount Laurel, NJ 08054",-74.8898,39.9455
"Starbucks - 250 Palisades Blvd, Edgewater","250 Palisades Blvd, Edgewater, NJ 07020",-73.989,40.8258
"Dunkin' - 175 Rt 206 N, Chester","175 Rt 206 N, Chester, NJ 07930",-74.6948,40.7848
"Popeyes - 1215 Rt 1 S, Avenel","1215 Rt 1 S, Avenel, NJ 07001",-74.2732,40.5788
"Starbucks - 55 Main St, South Orange","55 Main St, South Orange, NJ 07079",-74.2595,40.7478
"Dunkin' - 165 Rt 36, Keyport","165 Rt 36, Keyport, NJ 07735",-74.1975,40.4318
"Starbucks - 1800 NJ-88, Brick","1800 NJ-88, Brick, NJ 08724",-74.136,40.053
